#airframe_info, log_version="1.00", airframe_name="Cessna 208B", unit_software_part_number="006-B0319-A3", unit_software_version="12.03", system_software_part_number="006-B0767-13", system_id="24D2D62A1", mode=NORMAL, 
#yyy-mm-dd, hh:mm:ss,   hh:mm,  ident,      degrees,      degrees, ft Baro,  inch,  ft msl, deg C,     kt,     kt,     fpm,    deg,    deg,      G,      G,   deg,   deg, volts,  amps,   gals,   gals,      gph,   deg F,     psi,  ft lbs,     rpm,       %,   deg C,  ft wgs,  kt, enum,    deg,    MHz,    MHz,     MHz,     MHz,    fsd,    fsd,     kt,   deg,     nm,    deg,    deg,   bool,  enum,   enum,   deg,   deg,   fpm,   enum,   mt,    mt,     mt,    mt,     mt
  Lcl Date, Lcl Time, UTCOfst, AtvWpt,     Latitude,    Longitude,    AltB, BaroA,  AltMSL,   OAT,    IAS, GndSpd,    VSpd,  Pitch,   Roll,  LatAc, NormAc,   HDG,   TRK, volt1,  amp1,  FQtyL,  FQtyR, E1 FFlow, E1 OilT, E1 OilP, E1 Torq,   E1 NP,   E1 NG,  E1 ITT,  AltGPS, TAS, HSIS,    CRS,   NAV1,   NAV2,    COM1,    COM2,   HCDI,   VCDI, WndSpd, WndDr, WptDst, WptBrg, MagVar, AfcsOn, RollM, PitchM, RollC, PichC, VSpdG, GPSfix,  HAL,   VAL, HPLwas, HPLfd, VPLwas
2023-08-25, 23:11:57,  +00:00,       ,    2.8468001,  -60.6953621,   248.8, 29.80,   279.7,  28.8,   0.00,   0.00,   14.08,   0.79,  -0.42,   0.00,  -0.00, 259.9, 286.0,  27.6,   2.4, 110.84, 102.56,    18.68,  148.09,   92.26,  270.72,  305.78,   50.58,  628.85,   230.4,   0,  GPS,   78.9, 109.30, 109.30, 118.100, 122.500,       ,       ,       ,      ,       ,       ,  -16.0,      0,  NONE,   NONE,      ,      ,   0.0,     3D, 3704,      ,       , 119.5,       
2023-08-25, 23:11:57,  +00:00,       ,    2.8468001,  -60.6953621,   248.8, 29.80,   279.7,  28.8,   0.00,   0.00,   14.08,   0.79,  -0.42,   0.00,  -0.00, 259.9, 286.0,  27.6,   2.4, 110.84, 102.56,    18.68,  148.09,   92.23,  270.45,  306.90,   50.58,  628.80,   230.4,   0,  GPS,   78.9, 109.30, 109.30, 118.100, 122.500,       ,       ,       ,      ,       ,       ,  -16.0,      0,  NONE,   NONE,      ,      ,   0.0,     3D, 3704,      ,       , 119.5,       
2023-08-25, 23:11:58,  +00:00,       ,    2.8468008,  -60.6953697,   248.8, 29.80,   278.6,  28.8,   0.00,   0.00,   11.16,   0.79,  -0.41,   0.00,   0.00, 259.9, 286.0,  27.6,   2.1, 110.84, 102.56,    18.67,  148.10,   92.29,  268.50,  317.11,   50.61,  628.08,   229.4,   0,  GPS,   78.9, 109.30, 109.30, 118.100, 122.500,       ,       ,       ,      ,       ,       ,  -16.0,      0,  NONE,   NONE,      ,      ,   0.0,     3D, 3704,      ,       , 119.5,       
2023-08-25, 23:12:00,  +00:00,       ,    2.8468001,  -60.6953697,   248.8, 29.80,   279.2,  29.0,   0.00,   0.00,    5.54,   0.78,  -0.43,   0.01,  -0.00, 259.9, 286.0,  27.6,   1.4, 110.95, 102.56,    18.67,  148.12,   92.46,  265.65,  329.86,   50.65,  627.56,   230.0,   0,  GPS,   78.9, 109.30, 109.30, 118.100, 122.500,       ,       ,       ,      ,       ,       ,  -16.0,      0,  NONE,   NONE,      ,      ,   0.0,     3D, 3704,      ,       , 119.5,       
2023-08-25, 23:12:00,  +00:00,       ,    2.8467999,  -60.6953697,   248.8, 29.80,   278.2,  29.0,   0.00,   0.00,    2.28,   0.79,  -0.43,   0.00,  -0.00, 259.9, 286.0,  27.6,   1.1, 110.95, 102.56,    18.67,  148.14,   92.44,  263.89,  339.69,   50.67,  627.10,   229.0,   0,  GPS,   78.9, 109.30, 109.30, 118.100, 122.500,       ,       ,       ,      ,       ,       ,  -16.0,      0,  NONE,   NONE,      ,      ,   0.0,     3D, 3704,      ,       , 119.5,       
2023-08-25, 23:12:02,  +00:00,       ,    2.8467994,  -60.6953697,   247.8, 29.80,   278.2,  29.0,   0.00,   0.00,   -4.91,   0.78,  -0.43,   0.01,   0.00, 259.9, 286.0,  27.6,   0.7, 110.95, 102.56,    18.67,  148.15,   92.47,  261.09,  352.46,   50.69,  626.55,   229.0,   0,  GPS,   78.9, 109.30, 109.30, 118.100, 122.500,       ,       ,       ,      ,       ,       ,  -16.0,      0,  NONE,   NONE,      ,      ,   0.0,     3D, 3704,      ,       , 119.5,       
2023-08-25, 23:12:02,  +00:00,       ,    2.8467994,  -60.6953697,   247.8, 29.80,   278.2,  29.0,   0.00,   0.00,   -7.86,   0.76,  -0.43,   0.00,   0.00, 259.9, 286.0,  27.6,   0.2, 110.95, 102.56,    18.67,  148.16,   92.52,  256.06,  368.41,   50.71,  626.03,   229.0,   0,  GPS,   78.9, 109.30, 109.30, 118.100, 122.500,       ,       ,       ,      ,       ,       ,  -16.0,      0,  NONE,   NONE,      ,      ,   0.0,     3D, 3704,      ,       , 119.5,       
2023-08-25, 23:12:03,  +00:00,       ,    2.8467994,  -60.6953697,   247.8, 29.80,   278.4,  29.0,   0.00,   0.00,   -9.69,   0.75,  -0.43,   0.01,   0.01, 259.9, 286.0,  27.7,   0.1, 110.95, 102.56,    18.66,  148.17,   92.54,  250.47,  386.93,   50.73,  625.90,   229.1,   0,  GPS,   78.9, 109.30, 109.30, 118.100, 122.500,       ,       ,       ,      ,       ,       ,  -16.0,      0,  NONE,   NONE,      ,      ,   0.0,     3D, 3704,      ,       , 119.5,       
2023-08-25, 23:12:05,  +00:00,       ,    2.8467987,  -60.6953697,   247.8, 29.80,   279.3,  29.0,   0.00,   0.00,   -5.85,   0.73,  -0.43,   0.00,   0.00, 259.9, 286.0,  27.7,  -0.1, 110.95, 102.56,    18.66,  148.18,   92.62,  245.20,  407.66,   50.77,  625.72,   230.1,   0,  GPS,   78.9, 109.30, 109.30, 118.100, 122.500,       ,       ,       ,      ,       ,       ,  -16.0,      0,  NONE,   NONE,      ,      ,   0.0,     3D, 3704,      ,       , 119.5,       
2023-08-25, 23:12:05,  +00:00,       ,    2.8468001,  -60.6953697,   247.8, 29.80,   278.9,  29.0,   0.00,   0.00,   -2.67,   0.75,  -0.44,   0.00,  -0.00, 259.9, 286.0,  27.7,  -0.4, 110.84, 102.56,    18.65,  148.17,   92.67,  238.92,  433.50,   50.83,  625.40,   229.7,   0,  GPS,   78.9, 109.30, 109.30, 118.100, 122.500,       ,       ,       ,      ,       ,       ,  -16.0,      0,  NONE,   NONE,      ,      ,  -3.9,     3D, 3704,      ,       , 119.5,       
2023-08-25, 23:12:07,  +00:00,       ,    2.8468003,  -60.6953697,   247.8, 29.80,   279.9,  29.0,   0.00,   0.00,   -1.09,   0.71,  -0.41,   0.01,  -0.00, 259.9, 286.0,  27.7,  -0.5, 110.84, 102.56,    18.66,  148.17,   92.76,  230.51,  467.47,   50.92,  624.90,   230.7,   0,  GPS,   78.9, 109.30, 109.30, 118.100, 122.500,       ,       ,       ,      ,       ,       ,  -16.0,      0,  NONE,   NONE,      ,      ,   0.0,     3D, 3704,      ,       , 119.0,       
2023-08-25, 23:12:08,  +00:00,       ,    2.8468003,  -60.6953697,   247.8, 29.80,   280.0,  29.0,   0.00,   0.00,   -0.41,   0.66,  -0.42,   0.01,  -0.00, 259.9, 286.0,  27.7,  -0.9, 110.84, 102.64,    18.65,  148.16,   92.77,  217.01,  519.52,   50.97,  624.30,   230.7,   0,  GPS,   78.9, 109.30, 109.30, 118.100, 122.500,       ,       ,       ,      ,       ,       ,  -16.0,      0,  NONE,   NONE,      ,      ,   0.0,     3D, 3704,      ,       , 119.0,       
2023-08-25, 23:12:08,  +00:00,       ,    2.8468006,  -60.6953621,   247.8, 29.80,   280.0,  29.0,   0.00,   0.00,   -0.15,   0.67,  -0.43,   0.01,   0.00, 260.0, 286.0,  27.7,  -1.3, 110.84, 102.64,    18.65,  148.15,   92.63,  200.47,  584.64,   50.95,  624.15,   230.8,   0,  GPS,   78.9, 109.30, 109.30, 118.100, 122.500,       ,       ,       ,      ,       ,       ,  -16.0,      0,  NONE,   NONE,      ,      ,   0.0,     3D, 3704,      ,       , 119.0,       
2023-08-25, 23:12:10,  +00:00,       ,    2.8468006,  -60.6953621,   247.8, 29.80,   280.1,  29.0,   0.00,   0.00,   -0.05,   0.67,  -0.42,   0.01,   0.00, 260.0, 286.0,  27.7,  -1.7, 110.74, 102.64,    18.65,  148.14,   92.37,  183.32,  658.69,   50.86,  624.60,   230.9,   0,  GPS,   78.9, 109.30, 109.30, 118.100, 122.500,       ,       ,       ,      ,       ,       ,  -16.0,      0,  NONE,   NONE,      ,      ,   0.0,     3D, 3704,      ,       , 119.0,       
2023-08-25, 23:12:10,  +00:00,       ,    2.8468013,  -60.6953697,   247.8, 29.80,   279.5,  29.2,   0.00,   0.00,   -0.02,   0.69,  -0.41,   0.00,  -0.00, 260.0, 286.0,  27.7,  -2.0, 110.74, 102.64,    18.63,  148.13,   93.82,  164.78,  744.32,   50.74,  625.12,   230.2,   0,  GPS,   78.9, 109.30, 109.30, 118.100, 122.500,       ,       ,       ,      ,       ,       ,  -16.0,      0,  NONE,   NONE,      ,      ,   0.0,     3D, 3704,      ,       , 119.0,       
2023-08-25, 23:12:12,  +00:00,       ,    2.8468008,  -60.6953697,   247.8, 29.80,   280.2,  29.2,   0.00,   0.00,   -0.01,   0.69,  -0.42,   0.01,  -0.00, 260.0, 286.0,  27.7,  -1.7, 110.74, 102.64,    18.64,  148.11,   93.74,  145.98,  831.56,   50.63,  626.27,   231.0,   0,  GPS,   78.9, 109.30, 109.30, 118.100, 122.500,       ,       ,       ,      ,       ,       ,  -16.0,      0,  NONE,   NONE,      ,      ,   3.9,     3D, 3704,      ,       , 119.0,       
2023-08-25, 23:12:12,  +00:00,       ,    2.8468006,  -60.6953697,   247.8, 29.80,   279.2,  29.2,   0.00,   0.00,   -0.00,   0.69,  -0.41,   0.01,  -0.00, 260.0, 286.0,  27.7,  -1.9, 110.74, 102.64,    18.66,  148.09,   93.51,  134.16,  890.86,   50.56,  628.07,   230.0,   0,  GPS,   78.9, 109.30, 109.30, 118.100, 122.500,       ,       ,       ,      ,       ,       ,  -16.0,      0,  NONE,   NONE,      ,      ,   0.0,     3D, 3704,      ,       , 119.0,       
2023-08-25, 23:12:13,  +00:00,       ,    2.8468008,  -60.6953697,   247.8, 29.80,   279.2,  29.2,   0.00,   0.00,   -0.00,   0.70,  -0.42,   0.01,   0.00, 260.0, 286.0,  27.7,  -2.0, 110.74, 102.56,    18.67,  148.07,   93.52,  126.90,  930.16,   50.53,  629.76,   230.0,   0,  GPS,   78.9, 109.30, 109.30, 118.100, 122.500,       ,       ,       ,      ,       ,       ,  -16.0,      0,  NONE,   NONE,      ,      ,   3.9,     3D, 3704,      ,       , 119.0,       
2023-08-25, 23:12:15,  +00:00,       ,    2.8468008,  -60.6953697,   247.8, 29.80,   279.2,  29.2,   0.00,   0.00,   -0.00,   0.68,  -0.42,   0.00,   0.00, 260.1, 286.0,  27.7,  -1.9, 110.74, 102.56,    18.67,  148.05,   93.37,  121.04,  964.48,   50.51,  631.02,   230.0,   0,  GPS,   78.9, 109.30, 109.30, 118.100, 122.500,       ,       ,       ,      ,       ,       ,  -16.0,      0,  NONE,   NONE,      ,      ,   0.0,     3D, 3704,      ,       , 119.0,       
2023-08-25, 23:12:15,  +00:00,       ,    2.8468010,  -60.6953697,   247.8, 29.80,   279.2,  29.2,   0.00,   0.00,   -0.00,   0.65,  -0.42,   0.01,  -0.00, 260.1, 286.0,  27.7,  -1.9, 110.74, 102.48,    18.68,  148.02,   93.26,  117.86,  984.45,   50.48,  632.12,   230.0,   0,  GPS,   78.9, 109.30, 109.30, 118.100, 122.500,       ,       ,       ,      ,       ,       ,  -16.0,      0,  NONE,   NONE,      ,      ,   3.9,     3D, 3704,      ,       , 119.0,       
2023-08-25, 23:12:17,  +00:00,       ,    2.8468003,  -60.6953697,   247.8, 29.80,   279.9,  29.5,   0.00,   0.00,   -0.00,   0.63,  -0.43,   0.01,  -0.00, 260.1, 286.0,  27.7,  -2.1, 110.74, 102.48,    18.70,  148.00,   93.18,  115.46, 1000.44,   50.47,  632.78,   230.7,   0,  GPS,   78.9, 109.30, 109.30, 118.100, 122.500,       ,       ,       ,      ,       ,       ,  -16.0,      0,  NONE,   NONE,      ,      ,   0.0,     3D, 3704,      ,       , 119.0,       
2023-08-25, 23:12:17,  +00:00,       ,    2.8468008,  -60.6953697,   247.8, 29.80,   279.0,  29.5,   0.00,   0.00,   -0.00,   0.63,  -0.43,   0.01,   0.00, 260.1, 286.0,  27.7,  -2.2, 110.74, 102.48,    18.69,  147.97,   93.10,  113.71, 1011.66,   50.47,  633.47,   229.8,   0,  GPS,   78.9, 109.30, 109.30, 118.100, 122.500,       ,       ,       ,      ,       ,       ,  -16.0,      0,  NONE,   NONE,      ,      ,   0.0,     3D, 3704,      ,       , 119.0,       
2023-08-25, 23:12:19,  +00:00,       ,    2.8468010,  -60.6953697,   247.8, 29.80,   280.1,  29.5,   0.00,   0.00,   -0.00,   0.60,  -0.42,   0.01,  -0.00, 260.1, 286.0,  27.6,  -2.5, 110.74, 102.40,    18.68,  147.94,   93.01,  112.41, 1018.93,   50.43,  633.70,   230.9,   0,  GPS,   78.9, 109.30, 109.30, 118.100, 122.500,       ,       ,       ,      ,       ,       ,  -16.0,      0,  NONE,   NONE,      ,      ,   0.0,     3D, 3704,      ,       , 119.0,       
2023-08-25, 23:12:20,  +00:00,       ,    2.8468010,  -60.6953697,   247.8, 29.80,   280.3,  29.5,   0.00,   0.00,   -0.00,   0.62,  -0.44,   0.00,  -0.00, 260.1, 286.0,  27.7,  -2.2, 110.74, 102.40,    18.70,  147.90,   92.97,  111.47, 1024.06,   50.42,  633.83,   231.1,   0,  GPS,   78.9, 109.30, 109.30, 118.100, 122.500,       ,       ,       ,      ,       ,       ,  -16.0,      0,  NONE,   NONE,      ,      ,   0.0,     3D, 3704,      ,       , 119.0,       
2023-08-25, 23:12:20,  +00:00,       ,    2.8468010,  -60.6953621,   247.8, 29.80,   280.4,  29.5,   0.00,   0.00,   -0.00,   0.60,  -0.43,   0.01,  -0.00, 260.1, 286.0,  27.7,  -1.9, 110.74, 102.33,    18.96,  147.86,   93.15,  112.60, 1030.72,   50.75,  638.27,   231.2,   0,  GPS,   78.9, 109.30, 109.30, 118.100, 122.500,       ,       ,       ,      ,       ,       ,  -16.0,      0,  NONE,   NONE,      ,      ,   0.0,     3D, 3704,      ,       , 119.0,       
2023-08-25, 23:12:22,  +00:00,       ,    2.8468010,  -60.6953621,   247.8, 29.80,   280.5,  29.5,   0.00,   0.00,   -0.00,   0.57,  -0.43,   0.01,   0.00, 260.1, 286.0,  27.7,  -2.7, 110.74, 102.33,    18.82,  147.82,   93.15,  112.62, 1034.71,   50.75,  637.97,   231.3,   0,  GPS,   78.9, 109.30, 109.30, 118.100, 122.500,       ,       ,       ,      ,       ,       ,  -16.0,      0,  NONE,   NONE,      ,      ,   0.0,     3D, 3704,      ,       , 119.0,       
2023-08-25, 23:12:22,  +00:00,       ,    2.8468020,  -60.6953697,   247.8, 29.80,   279.8,  29.5,   0.00,   0.00,   -0.00,   0.59,  -0.43,   0.00,  -0.00, 260.1, 286.0,  27.7,  -2.8, 110.74, 102.33,    18.71,  147.78,   93.02,  111.85, 1036.08,   50.61,  634.98,   230.6,   0,  GPS,   78.9, 109.30, 109.30, 118.100, 122.500,       ,       ,       ,      ,       ,       ,  -16.0,      0,  NONE,   NONE,      ,      ,   0.0,     3D, 3704,      ,       , 119.0,       
2023-08-25, 23:12:24,  +00:00,       ,    2.8468013,  -60.6953697,   247.8, 29.80,   280.8,  29.8,   0.00,   0.00,   -0.00,   0.58,  -0.43,   0.01,  -0.00, 260.1, 286.0,  27.8,   0.3, 110.64, 102.33,    19.49,  147.74,   93.41,  113.14, 1039.70,   51.10,  638.28,   231.6,   0,  GPS,   78.9, 109.30, 109.30, 118.100, 122.500,       ,       ,       ,      ,       ,       ,  -16.0,      0,  NONE,   NONE,      ,      ,   0.0,     3D, 3704,      ,       , 119.0,       
2023-08-25, 23:12:24,  +00:00,       ,    2.8468013,  -60.6953697,   247.8, 29.80,   279.9,  29.8,   0.00,   0.00,   -0.00,   0.59,  -0.45,   0.01,  -0.01, 260.1, 286.0,  28.6,  10.0, 110.64, 102.33,    22.70,  147.70,   95.42,  132.03, 1081.59,   55.02,  682.70,   230.6,   0,  GPS,   78.9, 109.30, 109.30, 118.100, 122.500,       ,       ,       ,      ,       ,       ,  -16.0,      0,  NONE,   NONE,      ,      ,   0.0,     3D, 3704,      ,       , 119.0,       
2023-08-25, 23:12:26,  +00:00,       ,    2.8468013,  -60.6953697,   247.8, 29.80,   279.8,  29.8,   0.00,   0.00,   -0.00,   0.49,  -0.42,   0.01,   0.01, 260.1, 286.0,  28.6,   1.6, 110.64, 102.33,    25.44,  147.67,   97.61,  164.02, 1158.25,   60.77,  734.54,   230.5,   0,  GPS,   78.9, 109.30, 109.30, 118.100, 122.500,       ,       ,       ,      ,       ,       ,  -16.0,      0,  NONE,   NONE,      ,      ,   0.0,     3D, 3704,      ,       , 118.5,       
2023-08-25, 23:12:27,  +00:00,       ,    2.8468013,  -60.6953697,   247.8, 29.80,   279.7,  29.8,   0.00,   0.00,   -0.00,   0.40,  -0.44,   0.01,   0.02, 260.1, 286.0,  28.6,  -0.4, 110.64, 102.33,    26.29,  147.64,   97.75,  210.40, 1275.47,   64.92,  735.25,   230.5,   0,  GPS,   78.9, 109.30, 109.30, 118.100, 122.500,       ,       ,       ,      ,       ,       ,  -16.0,      0,  NONE,   NONE,      ,      ,   0.0,     3D, 3704,      ,       , 118.5,       
2023-08-25, 23:12:27,  +00:00,       ,    2.8468013,  -60.6953697,   247.8, 29.80,   279.7,  29.8,   0.00,   0.00,   -0.00,   0.37,  -0.43,   0.01,  -0.00, 260.1, 286.0,  28.5,  -1.0, 110.64, 102.33,    26.40,  147.61,   97.79,  241.53, 1362.39,   67.11,  705.93,   230.4,   0,  GPS,   78.9, 109.30, 109.30, 118.100, 122.500,       ,       ,       ,      ,       ,       ,  -16.0,      0,  NONE,   NONE,      ,      ,  -3.9,     3D, 3704,      ,       , 118.5,       
2023-08-25, 23:12:29,  +00:00,       ,    2.8468006,  -60.6953697,   247.8, 29.80,   279.8,  29.8,   0.00,   0.00,   -0.00,   0.35,  -0.44,   0.01,  -0.00, 260.1, 286.0,  28.5,  -1.4, 110.64, 102.25,    26.37,  147.59,   97.68,  258.76, 1435.18,   67.91,  671.12,   230.6,   0,  GPS,   78.9, 109.30, 109.30, 118.100, 122.500,       ,       ,       ,      ,       ,       ,  -16.0,      0,  NONE,   NONE,      ,      ,   0.0,     3D, 3704,      ,       , 118.5,       
2023-08-25, 23:12:29,  +00:00,       ,    2.8468008,  -60.6953697,   247.8, 29.80,   278.7,  30.0,   0.00,   0.00,   -0.00,   0.29,  -0.44,   0.01,  -0.01, 260.1, 286.0,  28.5,  -1.6, 110.64, 102.25,    26.57,  147.58,   97.57,  268.21, 1485.27,   68.72,  649.66,   229.5,   0,  GPS,   78.9, 109.30, 109.30, 118.100, 122.500,       ,       ,       ,      ,       ,       ,  -16.0,      0,  NONE,   NONE,      ,      ,   0.0,     3D, 3704,      ,       , 118.5,       
2023-08-25, 23:12:31,  +00:00,       ,    2.8468010,  -60.6953697,   247.8, 29.80,   279.6,  30.0,   0.00,   0.00,   -0.00,   0.24,  -0.45,   0.01,  -0.00, 260.0, 286.0,  28.5,  -1.9, 110.64, 102.25,    27.41,  147.57,   97.28,  279.42, 1528.88,   69.88,  638.04,   230.4,   0,  GPS,   78.9, 109.30, 109.30, 118.100, 122.500,       ,       ,       ,      ,       ,       ,  -16.0,      0,  NONE,   NONE,      ,      ,   0.0,     3D, 3704,      ,       , 118.5,       
2023-08-25, 23:12:31,  +00:00,       ,    2.8468010,  -60.6953697,   247.8, 29.80,   279.6,  30.0,   0.00,   0.00,   -0.00,   0.23,  -0.46,   0.01,  -0.00, 260.0, 286.0,  28.5,  -2.2, 110.64, 102.25,    28.30,  147.57,   97.13,  295.37, 1575.10,   71.25,  633.64,   230.3,   0,  GPS,   78.9, 109.30, 109.30, 118.100, 122.500,       ,       ,       ,      ,       ,       ,  -16.0,      0,  NONE,   NONE,      ,      ,   0.0,     3D, 3704,      ,       , 118.5,       
2023-08-25, 23:12:33,  +00:00,       ,    2.8468010,  -60.6953697,   247.8, 29.80,   279.5,  30.0,   0.00,   0.00,   -0.00,   0.21,  -0.44,   0.00,  -0.00, 260.0, 286.0,  28.5,  -2.2, 110.64, 102.17,    29.23,  147.57,   97.08,  313.80, 1621.10,   72.68,  632.35,   230.3,   0,  GPS,   78.9, 109.30, 109.30, 118.100, 122.500,       ,       ,       ,      ,       ,       ,  -16.0,      0,  NONE,   NONE,      ,      ,   0.0,     3D, 3704,      ,       , 118.5,       
2023-08-25, 23:12:33,  +00:00,       ,    2.8468008,  -60.6953697,   247.8, 29.80,   279.4,  30.0,   0.00,   0.00,   -0.00,   0.20,  -0.42,   0.01,   0.01, 260.0, 286.0,  28.5,  -2.5, 110.64, 102.17,    29.71,  147.58,   96.94,  328.91, 1666.69,   73.49,  626.84,   230.2,   0,  GPS,   78.9, 109.30, 109.30, 118.100, 122.500,       ,       ,       ,      ,       ,       ,  -16.0,      0,  NONE,   NONE,      ,      ,   0.0,     3D, 3704,      ,       , 118.5,       
2023-08-25, 23:12:34,  +00:00,       ,    2.8468013,  -60.6953697,   247.8, 29.80,   280.0,  30.0,   0.00,   0.00,   -0.00,   0.18,  -0.47,   0.00,  -0.00, 260.0, 286.0,  28.5,  -2.4, 110.64, 102.17,    30.83,  147.59,   96.80,  347.25, 1709.79,   74.77,  625.87,   230.8,   0,  GPS,   78.9, 109.30, 109.30, 118.100, 122.500,       ,       ,       ,      ,       ,       ,  -16.0,      0,  NONE,   NONE,      ,      ,   3.9,     3D, 3704,      ,       , 118.5,       
2023-08-25, 23:12:36,  +00:00,       ,    2.8468008,  -60.6953697,   247.8, 29.80,   281.1,  30.2,   0.00,   0.00,   -0.00,   0.16,  -0.47,   0.01,  -0.00, 260.0, 286.0,  28.5,  -2.6, 110.64, 102.09,    31.17,  147.61,   96.71,  358.69, 1741.77,   75.37,  623.81,   231.9,   0,  GPS,   78.9, 109.30, 109.30, 118.100, 122.500,       ,       ,       ,      ,       ,       ,  -16.0,      0,  NONE,   NONE,      ,      ,   3.9,     3D, 3704,      ,       , 118.5,       
2023-08-25, 23:12:36,  +00:00,       ,    2.8468006,  -60.6953697,   247.8, 29.80,   280.1,  30.2,   0.00,   0.00,   -0.00,   0.05,  -0.42,   0.01,   0.01, 260.0, 286.0,  28.5,  -2.6, 110.64, 102.09,    31.37,  147.65,   96.52,  362.28, 1765.21,   75.57,  618.71,   230.9,   0,  GPS,   78.9, 109.30, 109.30, 118.100, 122.500,       ,       ,       ,      ,       ,       ,  -16.0,      0,  NONE,   NONE,      ,      ,   0.0,     3D, 3704,      ,       , 118.5,       
2023-08-25, 23:12:38,  +00:00,       ,    2.8468006,  -60.6953697,   247.8, 29.80,   280.1,  30.2,   0.00,   0.00,   -0.00,  -0.08,  -0.41,  -0.00,   0.01, 260.1, 286.0,  28.5,  -2.6, 110.64, 102.09,    32.94,  147.69,   96.39,  385.80, 1803.23,   77.12,  624.43,   230.9,   0,  GPS,   78.9, 109.30, 109.30, 118.100, 122.500,       ,       ,       ,      ,       ,       ,  -16.0,      0,  NONE,   NONE,      ,      ,   0.0,     3D, 3704,      ,       , 118.5,       
2023-08-25, 23:12:38,  +00:00,       ,    2.8468003,  -60.6953697,   247.8, 29.80,   280.1,  30.2,   0.00,   0.00,   -0.00,   0.00,  -0.43,   0.01,   0.02, 260.1, 286.0,  28.5,  -2.7, 110.64, 102.09,    33.64,  147.75,   96.35,  408.62, 1844.29,   78.05,  628.37,   230.9,   0,  GPS,   78.9, 109.30, 109.30, 118.100, 122.500,       ,       ,       ,      ,       ,       ,  -16.0,      0,  NONE,   NONE,      ,      ,   3.9,     3D, 3704,      ,       , 118.5,       
2023-08-25, 23:12:40,  +00:00,       ,    2.8468001,  -60.6953697,   247.8, 29.80,   280.1,  30.2,   0.00,   0.00,   -0.00,   0.00,  -0.45,   0.01,  -0.02, 260.0, 286.0,  28.5,  -2.7, 110.64, 102.09,    33.86,  147.82,   96.28,  417.46, 1868.27,   78.33,  625.65,   230.9,   0,  GPS,   78.9, 109.30, 109.30, 118.100, 122.500,       ,       ,       ,      ,       ,       ,  -16.0,      0,  NONE,   NONE,      ,      ,   0.0,     3D, 3704,      ,       , 118.5,       
2023-08-25, 23:12:40,  +00:00,       ,    2.8467991,  -60.6953697,   247.8, 29.80,   279.8,  30.5,   0.00,   0.00,   -0.00,  -0.02,  -0.45,   0.00,  -0.01, 260.0, 286.0,  28.5,  -2.8, 110.64, 102.09,    34.01,  147.90,   96.25,  421.81, 1880.38,   78.47,  622.74,   230.6,   0,  GPS,   78.9, 109.30, 109.30, 118.100, 122.500,       ,       ,       ,      ,       ,       ,  -16.0,      0,  NONE,   NONE,      ,      ,   0.0,     3D, 3704,      ,       , 118.5,       
2023-08-25, 23:12:42,  +00:00,       ,    2.8467994,  -60.6953697,   247.8, 29.80,   278.8,  30.5,   0.00,   0.00,   -0.00,  -0.01,  -0.45,   0.00,  -0.02, 260.0, 286.0,  28.5,  -2.8, 110.84, 102.09,    34.31,  147.99,   96.20,  430.24, 1891.07,   78.79,  622.36,   229.6,   0,  GPS,   78.9, 109.30, 109.30, 118.100, 122.500,       ,       ,       ,      ,       ,       ,  -16.0,      0,  NONE,   NONE,      ,      ,   0.0,     3D, 3704,      ,       , 118.5,       
2023-08-25, 23:12:42,  +00:00,       ,    2.8467994,  -60.6953697,   247.8, 29.80,   279.7,  30.5,   0.00,   0.00,   -0.00,  -0.10,  -0.42,   0.01,  -0.00, 260.0, 286.0,  28.5,  -2.9, 110.84, 102.09,    34.52,  148.10,   96.08,  440.06, 1892.75,   78.99,  622.19,   230.4,   0,  GPS,   78.9, 109.30, 109.30, 118.100, 122.500,       ,       ,       ,      ,       ,       ,  -16.0,      0,  NONE,   NONE,      ,      ,   0.0,     3D, 3704,      ,       , 118.5,       
2023-08-25, 23:12:44,  +00:00,       ,    2.8467994,  -60.6953697,   247.8, 29.80,   279.7,  30.5,   0.00,   0.00,   -0.00,  -0.18,  -0.43,   0.02,   0.04, 259.9, 286.0,  28.5,  -2.8, 111.05, 102.02,    34.85,  148.21,   96.17,  452.61, 1891.44,   79.28,  622.46,   230.5,   0,  GPS,   78.9, 109.30, 109.30, 118.100, 122.500,       ,       ,       ,      ,       ,       ,  -16.0,      0,  NONE,   NONE,      ,      ,   0.0,     3D, 3704,      ,       , 118.0,       
2023-08-25, 23:12:45,  +00:00,       ,    2.8467991,  -60.6953697,   247.8, 29.80,   279.7,  30.5,   0.00,   0.00,   -0.00,  -0.14,  -0.52,   0.03,  -0.02, 259.9, 286.0,  28.5,  -2.9, 111.05, 102.02,    35.14,  148.34,   96.10,  465.72, 1891.83,   79.60,  623.63,   230.5,   0,  GPS,   78.9, 109.30, 109.30, 118.100, 122.500,       ,       ,       ,      ,       ,       ,  -16.0,      0,  NONE,   NONE,      ,      ,   0.0,     3D, 3704,      ,       , 118.0,       
2023-08-25, 23:12:45,  +00:00,       ,    2.8467991,  -60.6953697,   247.8, 29.80,   279.7,  30.5,   0.00,   0.00,   -0.00,  -0.18,  -0.44,   0.02,  -0.02, 260.0, 286.0,  28.5,  -2.9, 111.05, 102.02,    35.20,  148.48,   96.00,  473.53, 1885.51,   79.64,  623.35,   230.5,   0,  GPS,   78.9, 109.30, 109.30, 118.100, 122.500,       ,       ,       ,      ,       ,       ,  -16.0,      0,  NONE,   NONE,      ,      ,   3.9,     3D, 3704,      ,       , 118.0,       
2023-08-25, 23:12:47,  +00:00,       ,    2.8467999,  -60.6953697,   247.8, 29.80,   279.3,  30.5,   0.00,   0.00,   -0.00,  -0.18,  -0.42,  -0.01,   0.00, 260.0, 286.0,  28.5,  -3.0, 111.05, 102.02,    35.85,  148.64,   96.20,  483.98, 1890.72,   80.11,  624.61,   230.1,   0,  GPS,   78.9, 109.30, 109.30, 118.100, 122.500,       ,       ,       ,      ,       ,       ,  -16.0,      0,  NONE,   NONE,      ,      ,   0.0,     3D, 3704,      ,       , 118.0,       
2023-08-25, 23:12:47,  +00:00,       ,    2.8467991,  -60.6953697,   247.8, 29.80,   280.4,  30.8,   0.00,   0.00,   -0.00,  -0.15,  -0.53,   0.01,  -0.02, 259.9, 286.0,  28.5,  -2.9, 111.15, 101.94,    36.52,  148.81,   96.13,  512.87, 1894.62,   80.69,  629.63,   231.1,   0,  GPS,   78.9, 109.30, 109.30, 118.100, 122.500,       ,       ,       ,      ,       ,       ,  -16.0,      0,  NONE,   NONE,      ,      ,   3.9,     3D, 3704,      ,       , 118.0,       
2023-08-25, 23:12:49,  +00:00,       ,    2.8467989,  -60.6953697,   247.8, 29.80,   279.3,  30.8,   0.00,   0.00,   -0.00,  -0.24,  -0.48,   0.01,  -0.02, 259.9, 286.0,  28.5,  -2.9, 111.15, 101.86,    36.62,  148.99,   95.93,  530.38, 1880.57,   80.86,  629.47,   230.1,   0,  GPS,   78.9, 109.30, 109.30, 118.100, 122.500,       ,       ,       ,      ,       ,       ,  -16.0,      0,  NONE,   NONE,      ,      ,   0.0,     3D, 3704,      ,       , 118.0,       
2023-08-25, 23:12:49,  +00:00,       ,    2.8467989,  -60.6953697,   247.8, 29.80,   279.2,  30.8,   0.00,   0.00,   -0.00,  -0.24,  -0.49,  -0.00,  -0.01, 260.0, 286.0,  28.5,  -3.0, 111.25, 101.86,    36.58,  149.18,   96.10,  529.42, 1882.76,   80.87,  627.79,   230.0,   0,  GPS,   78.9, 109.30, 109.30, 118.100, 122.500,       ,       ,       ,      ,       ,       ,  -16.0,      0,  NONE,   NONE,      ,      ,   0.0,     3D, 3704,      ,       , 118.0,       
2023-08-25, 23:12:51,  +00:00,       ,    2.8467987,  -60.6953697,   247.8, 29.80,   279.0,  30.8,   0.00,   0.00,   -0.00,  -0.23,  -0.48,   0.03,   0.02, 259.9, 286.0,  28.5,  -2.9, 111.25, 101.86,    36.55,  149.38,   96.04,  527.99, 1886.18,   80.87,  626.75,   229.8,   0,  GPS,   78.9, 109.30, 109.30, 118.100, 122.500,       ,       ,       ,      ,       ,       ,  -16.0,      0,  NONE,   NONE,      ,      ,   0.0,     3D, 3704,      ,       , 118.0,       
2023-08-25, 23:12:51,  +00:00,       ,    2.8467987,  -60.6953697,   247.8, 29.80,   279.0,  30.8,   0.00,   0.00,   -0.00,  -0.27,  -0.51,   0.01,   0.00, 259.9, 286.0,  28.5,  -2.9, 111.25, 101.86,    36.50,  149.59,   95.93,  527.93, 1884.99,   80.86,  626.00,   229.8,   0,  GPS,   78.9, 109.30, 109.30, 118.100, 122.500,       ,       ,       ,      ,       ,       ,  -16.0,      0,  NONE,   NONE,      ,      ,   0.0,     3D, 3704,      ,       , 118.0,       
2023-08-25, 23:12:53,  +00:00,       ,    2.8467982,  -60.6953697,   247.8, 29.80,   279.1,  31.0,   0.00,   0.00,   -0.00,  -0.25,  -0.48,   0.02,  -0.01, 259.9, 286.0,  28.5,  -2.9, 111.25, 101.86,    36.44,  149.81,   96.05,  527.31, 1884.11,   80.86,  625.72,   229.9,   0,  GPS,   78.9, 109.30, 109.30, 118.100, 122.500,       ,       ,       ,      ,       ,       ,  -16.0,      0,  NONE,   NONE,      ,      ,   0.0,     3D, 3704,      ,       , 118.0,       
2023-08-25, 23:12:53,  +00:00,       ,    2.8467984,  -60.6953697,   247.8, 29.80,   278.0,  31.0,   0.00,   0.00,   -0.00,  -0.24,  -0.49,   0.01,   0.00, 259.9, 286.0,  28.5,  -3.0, 111.15, 101.86,    36.41,  150.04,   96.03,  527.52, 1884.19,   80.88,  625.64,   228.8,   0,  GPS,   78.9, 109.30, 109.30, 118.100, 122.500,       ,       ,       ,      ,       ,       ,  -16.0,      0,  NONE,   NONE,      ,      ,   0.0,     3D, 3704,      ,       , 118.0,       
2023-08-25, 23:12:55,  +00:00,       ,    2.8467984,  -60.6953697,   247.8, 29.80,   278.9,  31.0,   0.00,   0.00,   -0.00,  -0.29,  -0.47,   0.01,   0.02, 259.9, 286.0,  28.5,  -2.9, 111.15, 101.86,    36.35,  150.27,   95.96,  527.99, 1884.94,   80.90,  625.25,   229.7,   0,  GPS,   78.9, 109.30, 109.30, 118.100, 122.500,       ,       ,       ,      ,       ,       ,  -16.0,      0,  NONE,   NONE,      ,      ,   0.0,     3D, 3704,      ,       , 118.0,       
2023-08-25, 23:12:55,  +00:00,       ,    2.8467984,  -60.6953697,   247.8, 29.80,   278.9,  31.0,   0.00,   0.00,   -0.00,  -0.26,  -0.47,   0.02,  -0.02, 259.9, 286.0,  28.5,  -3.0, 111.15, 101.86,    36.27,  150.50,   95.95,  526.23, 1882.62,   80.89,  625.25,   229.7,   0,  GPS,   78.9, 109.30, 109.30, 118.100, 122.500,       ,       ,       ,      ,       ,       ,  -16.0,      0,  NONE,   NONE,      ,      ,   0.0,     3D, 3704,      ,       , 118.0,       
2023-08-25, 23:12:57,  +00:00,       ,    2.8467984,  -60.6953697,   247.8, 29.80,   278.9,  31.0,   0.00,   0.00,   -0.00,  -0.26,  -0.45,   0.01,   0.01, 260.0, 286.0,  28.5,  -3.0, 111.15, 101.86,    36.23,  150.75,   95.85,  526.50, 1882.66,   80.89,  625.18,   229.7,   0,  GPS,   78.9, 109.30, 109.30, 118.100, 122.500,       ,       ,       ,      ,       ,       ,  -16.0,      0,  NONE,   NONE,      ,      ,   0.0,     3D, 3704,      ,       , 118.0,       
2023-08-25, 23:12:57,  +00:00,       ,    2.8467987,  -60.6953697,   247.8, 29.80,   279.0,  31.0,   0.00,   0.00,   -0.00,  -0.21,  -0.43,   0.00,  -0.02, 260.0, 286.0,  28.5,  -3.0, 111.15, 101.86,    36.20,  150.98,   95.85,  527.72, 1883.19,   80.91,  624.81,   229.8,   0,  GPS,   78.9, 109.30, 109.30, 118.100, 122.500,       ,       ,       ,      ,       ,       ,  -16.0,      0,  NONE,   NONE,      ,      ,   0.0,     3D, 3704,      ,       , 118.0,       
2023-08-25, 23:12:59,  +00:00,       ,    2.8467991,  -60.6953697,   247.8, 29.80,   279.3,  31.0,   0.00,   0.00,   -0.00,  -0.33,  -0.47,  -0.01,   0.02, 259.9, 286.0,  28.5,  -2.9, 111.15, 101.86,    36.18,  151.22,   95.93,  528.35, 1883.86,   80.91,  624.29,   230.1,   0,  GPS,   78.9, 109.30, 109.30, 118.100, 122.500,       ,       ,       ,      ,       ,       ,  -16.0,      0,  NONE,   NONE,      ,      ,   0.0,     3D, 3704,      ,       , 118.0,       
2023-08-25, 23:12:59,  +00:00,       ,    2.8467984,  -60.6953697,   247.8, 29.80,   280.2,  31.2,   0.00,   0.00,   -0.00,  -0.30,  -0.47,   0.02,   0.01, 259.9, 286.0,  28.5,  -3.0, 111.05, 101.86,    36.21,  151.46,   95.92,  529.93, 1885.10,   80.93,  623.77,   230.9,   0,  GPS,   78.9, 109.30, 109.30, 118.100, 122.500,       ,       ,       ,      ,       ,       ,  -16.0,      0,  NONE,   NONE,      ,      ,   0.0,     3D, 3704,      ,       , 118.0,       
2023-08-25, 23:13:01,  +00:00,       ,    2.8467984,  -60.6953697,   247.8, 29.80,   279.3,  31.2,   0.00,   0.00,   -0.00,  -0.32,  -0.45,   0.01,   0.00, 259.9, 286.0,  28.5,  -3.0, 110.84, 101.86,    36.18,  151.70,   95.86,  531.57, 1884.90,   80.94,  623.12,   230.0,   0,  GPS,   78.9, 109.30, 109.30, 118.100, 122.500,       ,       ,       ,      ,       ,       ,  -16.0,      0,  NONE,   NONE,      ,      ,   0.0,     3D, 3704,      ,       , 118.0,       
2023-08-25, 23:13:01,  +00:00,       ,    2.8467984,  -60.6953697,   247.8, 29.80,   279.3,  31.2,   0.00,   0.00,   -0.00,  -0.31,  -0.42,   0.02,   0.00, 260.0, 286.0,  28.5,  -3.1, 110.74, 101.78,    36.20,  151.95,   95.89,  533.85, 1884.33,   80.96,  622.90,   230.1,   0,  GPS,   78.9, 109.30, 109.30, 118.100, 122.500,       ,       ,       ,      ,       ,       ,  -16.0,      0,  NONE,   NONE,      ,      ,   0.0,     3D, 3704,      ,       , 118.0,       
2023-08-25, 23:13:03,  +00:00,       ,    2.8467984,  -60.6953697,   247.8, 29.80,   279.5,  31.2,   0.00,   0.00,   -0.00,  -0.26,  -0.44,   0.00,  -0.01, 260.0, 286.0,  28.5,  -3.0, 110.74, 101.78,    36.19,  152.20,   95.99,  535.22, 1883.29,   80.98,  622.69,   230.2,   0,  GPS,   78.9, 109.30, 109.30, 118.100, 122.500,       ,       ,       ,      ,       ,       ,  -16.0,      0,  NONE,   NONE,      ,      ,   3.9,     3D, 3704,      ,       , 117.5,       
2023-08-25, 23:13:03,  +00:00,       ,    2.8467984,  -60.6953697,   247.8, 29.80,   279.5,  31.2,   0.00,   0.00,   -0.00,  -0.23,  -0.45,   0.01,   0.01, 260.0, 286.0,  28.5,  -2.9, 110.74, 101.78,    36.14,  152.46,   95.94,  534.42, 1881.63,   80.98,  622.42,   230.2,   0,  GPS,   78.9, 109.30, 109.30, 118.100, 122.500,       ,       ,       ,      ,       ,       ,  -16.0,      0,  NONE,   NONE,      ,      ,   0.0,     3D, 3704,      ,       , 117.5,       
2023-08-25, 23:13:05,  +00:00,       ,    2.8467979,  -60.6953697,   247.8, 29.80,   279.4,  31.2,   0.00,   0.00,   -0.00,  -0.32,  -0.48,   0.01,   0.00, 259.9, 286.0,  28.5,  -3.0, 110.74, 101.86,    36.08,  152.71,   95.79,  531.69, 1879.98,   80.98,  622.30,   230.1,   0,  GPS,   78.9, 109.30, 109.30, 118.100, 122.500,       ,       ,       ,      ,       ,       ,  -16.0,      0,  NONE,   NONE,      ,      ,   0.0,     3D, 3704,      ,       , 117.5,       
2023-08-25, 23:13:05,  +00:00,       ,    2.8467991,  -60.6953697,   247.8, 29.80,   278.8,  31.2,   0.00,   0.00,   -0.00,  -0.32,  -0.44,   0.00,   0.01, 260.0, 286.0,  28.5,  -3.0, 110.64, 101.86,    36.01,  152.96,   95.80,  529.19, 1879.46,   80.96,  622.52,   229.6,   0,  GPS,   78.9, 109.30, 109.30, 118.100, 122.500,       ,       ,       ,      ,       ,       ,  -16.0,      0,  NONE,   NONE,      ,      ,   0.0,     3D, 3704,      ,       , 117.5,       
2023-08-25, 23:13:07,  +00:00,       ,    2.8467994,  -60.6953697,   247.8, 29.80,   279.8,  31.2,   0.00,   0.00,   -0.00,  -0.25,  -0.47,   0.00,   0.01, 260.0, 286.0,  28.5,  -3.3, 110.64, 101.94,    35.97,  153.21,   95.81,  527.42, 1879.92,   80.97,  622.90,   230.6,   0,  GPS,   78.9, 109.30, 109.30, 118.100, 122.500,       ,       ,       ,      ,       ,       ,  -16.0,      0,  NONE,   NONE,      ,      ,   0.0,     3D, 3704,      ,       , 117.5,       
2023-08-25, 23:13:07,  +00:00,       ,    2.8467994,  -60.6953697,   247.8, 29.80,   280.0,  31.2,   0.00,   0.00,   -0.00,  -0.27,  -0.45,   0.01,  -0.01, 260.0, 286.0,  28.5,  -3.0, 110.64, 101.94,    35.91,  153.47,   95.88,  525.73, 1879.74,   80.96,  622.86,   230.7,   0,  GPS,   78.9, 109.30, 109.30, 118.100, 122.500,       ,       ,       ,      ,       ,       ,  -16.0,      0,  NONE,   NONE,      ,      ,   0.0,     3D, 3704,      ,       , 117.5,       
2023-08-25, 23:13:09,  +00:00,       ,    2.8467994,  -60.6953697,   247.8, 29.80,   280.0,  31.2,   0.00,   0.00,   -0.00,  -0.23,  -0.38,  -0.00,   0.00, 260.0, 286.0,  28.5,  -3.0, 110.64, 101.94,    35.87,  153.72,   95.85,  524.88, 1879.46,   80.97,  622.68,   230.8,   0,  GPS,   78.9, 109.30, 109.30, 118.100, 122.500,       ,       ,       ,      ,       ,       ,  -16.0,      0,  NONE,   NONE,      ,      ,   0.0,     3D, 3704,      ,       , 117.5,       
2023-08-25, 23:13:09,  +00:00,       ,    2.8467994,  -60.6953697,   247.8, 29.80,   280.0,  31.2,   0.00,   0.00,   -0.00,  -0.22,  -0.46,   0.02,  -0.02, 259.9, 286.0,  28.5,  -3.1, 110.64, 101.94,    35.82,  153.97,   95.82,  524.03, 1878.88,   80.96,  622.52,   230.8,   0,  GPS,   78.9, 109.30, 109.30, 118.100, 122.500,       ,       ,       ,      ,       ,       ,  -16.0,      0,  NONE,   NONE,      ,      ,   0.0,     3D, 3704,      ,       , 117.5,       
2023-08-25, 23:13:11,  +00:00,       ,    2.8468003,  -60.6953697,   247.8, 29.80,   279.8,  31.5,   0.00,   0.00,   -0.00,  -0.24,  -0.48,   0.02,  -0.00, 259.9, 286.0,  28.5,  -3.0, 110.64, 101.94,    35.81,  154.20,   95.83,  523.83, 1879.65,   80.97,  622.45,   230.5,   0,  GPS,   78.9, 109.30, 109.30, 118.100, 122.500,       ,       ,       ,      ,       ,       ,  -16.0,      0,  NONE,   NONE,      ,      ,   0.0,     3D, 3704,      ,       , 117.5,       
2023-08-25, 23:13:11,  +00:00,       ,    2.8467987,  -60.6953697,   247.8, 29.80,   280.3,  31.5,   0.00,   0.00,   -0.00,  -0.22,  -0.42,   0.02,   0.01, 260.0, 286.0,  28.5,  -3.0, 110.84, 101.94,    35.77,  154.45,   95.93,  523.27, 1880.15,   80.98,  622.51,   231.1,   0,  GPS,   78.9, 109.30, 109.30, 118.100, 122.500,       ,       ,       ,      ,       ,       ,  -16.0,      0,  NONE,   NONE,      ,      ,   0.0,     3D, 3704,      ,       , 117.5,       
2023-08-25, 23:13:13,  +00:00,       ,    2.8467984,  -60.6953697,   247.8, 29.80,   279.3,  31.5,   0.00,   0.00,   -0.00,  -0.18,  -0.43,   0.01,  -0.01, 260.0, 286.0,  28.5,  -2.9, 110.95, 101.94,    35.73,  154.69,   95.79,  522.35, 1880.20,   80.98,  622.67,   230.1,   0,  GPS,   78.9, 109.30, 109.30, 118.100, 122.500,       ,       ,       ,      ,       ,       ,  -16.0,      0,  NONE,   NONE,      ,      ,   0.0,     3D, 3704,      ,       , 117.5,       
2023-08-25, 23:13:13,  +00:00,       ,    2.8467984,  -60.6953697,   247.8, 29.80,   279.3,  31.5,   0.00,   0.00,   -0.00,  -0.21,  -0.42,   0.01,  -0.02, 259.9, 286.0,  28.5,  -3.1, 111.05, 101.86,    35.73,  154.93,   95.77,  521.85, 1880.34,   80.98,  622.82,   230.1,   0,  GPS,   78.9, 109.30, 109.30, 118.100, 122.500,       ,       ,       ,      ,       ,       ,  -16.0,      0,  NONE,   NONE,      ,      ,   0.0,     3D, 3704,      ,       , 117.5,       
2023-08-25, 23:13:15,  +00:00,       ,    2.8467982,  -60.6953697,   247.8, 29.80,   279.4,  31.5,   0.00,   0.00,   -0.00,  -0.27,  -0.45,   0.00,   0.02, 259.9, 286.0,  28.5,  -3.0, 111.05, 101.86,    35.72,  155.16,   95.92,  522.14, 1881.00,   80.98,  622.71,   230.1,   0,  GPS,   78.9, 109.30, 109.30, 118.100, 122.500,       ,       ,       ,      ,       ,       ,  -16.0,      0,  NONE,   NONE,      ,      ,   3.9,     3D, 3704,      ,       , 117.5,       
2023-08-25, 23:13:15,  +00:00,       ,    2.8467979,  -60.6953697,   247.8, 29.80,   279.3,  31.5,   0.00,   0.00,   -0.00,  -0.32,  -0.43,   0.01,   0.03, 259.9, 286.0,  28.5,  -3.1, 111.05, 101.86,    35.70,  155.39,   95.88,  522.34, 1881.35,   80.99,  622.62,   230.0,   0,  GPS,   78.9, 109.30, 109.30, 118.100, 122.500,       ,       ,       ,      ,       ,       ,  -16.0,      0,  NONE,   NONE,      ,      ,   0.0,     3D, 3704,      ,       , 117.5,       
2023-08-25, 23:13:17,  +00:00,       ,    2.8467970,  -60.6953697,   247.8, 29.80,   279.9,  31.5,   0.00,   0.00,   -0.00,  -0.24,  -0.45,   0.02,   0.03, 260.0, 286.0,  28.5,  -3.0, 111.05, 101.71,    35.70,  155.61,   95.81,  522.69, 1881.65,   80.99,  622.34,   230.7,   0,  GPS,   78.9, 109.30, 109.30, 118.100, 122.500,       ,       ,       ,      ,       ,       ,  -16.0,      0,  NONE,   NONE,      ,      ,   0.0,     3D, 3704,      ,       , 117.5,       
2023-08-25, 23:13:17,  +00:00,       ,    2.8467984,  -60.6953697,   247.8, 29.80,   279.5,  31.5,   0.00,   0.00,   -0.00,  -0.24,  -0.43,  -0.01,  -0.01, 260.0, 286.0,  28.5,  -3.2, 111.05, 101.63,    35.69,  155.81,   95.86,  522.55, 1881.67,   80.99,  621.90,   230.3,   0,  GPS,   78.9, 109.30, 109.30, 118.100, 122.500,       ,       ,       ,      ,       ,       ,  -16.0,      0,  NONE,   NONE,      ,      ,   0.0,     3D, 3704,      ,       , 117.5,       
2023-08-25, 23:13:19,  +00:00,       ,    2.8467987,  -60.6953621,   247.8, 29.80,   280.5,  31.5,   0.00,   0.00,   -0.00,  -0.26,  -0.47,   0.01,   0.01, 259.9, 286.0,  28.5,  -3.0, 111.05, 101.55,    35.68,  156.02,   95.81,  522.18, 1881.54,   81.00,  621.98,   231.3,   0,  GPS,   78.9, 109.30, 109.30, 118.100, 122.500,       ,       ,       ,      ,       ,       ,  -16.0,      0,  NONE,   NONE,      ,      ,   0.0,     3D, 3704,      ,       , 117.5,       
2023-08-25, 23:13:19,  +00:00,       ,    2.8467987,  -60.6953621,   247.8, 29.80,   280.5,  31.5,   0.00,   0.00,   -0.00,  -0.31,  -0.51,   0.02,  -0.02, 259.9, 286.0,  28.5,  -3.1, 111.05, 101.55,    35.66,  156.22,   95.78,  521.93, 1880.91,   81.01,  621.99,   231.3,   0,  GPS,   78.9, 109.30, 109.30, 118.100, 122.500,       ,       ,       ,      ,       ,       ,  -16.0,      0,  NONE,   NONE,      ,      ,  -3.9,     3D, 3704,      ,       , 117.5,       
2023-08-25, 23:13:21,  +00:00,       ,    2.8467987,  -60.6953621,   247.8, 29.80,   280.6,  31.5,   0.00,   0.00,   -0.00,  -0.26,  -0.45,  -0.01,  -0.00, 260.0, 286.0,  28.5,  -3.0, 111.05, 101.55,    35.65,  156.43,   95.88,  521.76, 1881.26,   80.99,  621.88,   231.4,   0,  GPS,   78.9, 109.30, 109.30, 118.100, 122.500,       ,       ,       ,      ,       ,       ,  -16.0,      0,  NONE,   NONE,      ,      ,   0.0,     3D, 3704,      ,       , 117.5,       
2023-08-25, 23:13:21,  +00:00,       ,    2.8467987,  -60.6953621,   247.8, 29.80,   280.7,  31.8,   0.00,   0.00,   -0.00,  -0.33,  -0.42,   0.00,  -0.00, 260.0, 286.0,  28.5,  -3.1, 111.05, 101.55,    35.63,  156.65,   95.88,  522.05, 1881.49,   81.00,  621.66,   231.5,   0,  GPS,   78.9, 109.30, 109.30, 118.100, 122.500,       ,       ,       ,      ,       ,       ,  -16.0,      0,  NONE,   NONE,      ,      ,   0.0,     3D, 3704,      ,       , 117.0,       
2023-08-25, 23:13:23,  +00:00,       ,    2.8467991,  -60.6953697,   247.8, 29.80,   279.9,  31.8,   0.00,   0.00,   -0.00,  -0.23,  -0.47,   0.01,   0.00, 260.0, 286.0,  28.5,  -3.1, 111.05, 101.55,    35.64,  156.85,   95.82,  522.96, 1881.84,   81.00,  621.32,   230.7,   0,  GPS,   78.9, 109.30, 109.30, 118.100, 122.500,       ,       ,       ,      ,       ,       ,  -16.0,      0,  NONE,   NONE,      ,      ,   0.0,     3D, 3704,      ,       , 117.0,       
2023-08-25, 23:13:23,  +00:00,       ,    2.8467975,  -60.6953697,   247.8, 29.80,   280.3,  31.8,   0.00,   0.00,   -0.00,  -0.30,  -0.46,  -0.00,  -0.02, 260.0, 286.0,  28.5,  -3.1, 111.05, 101.47,    35.62,  157.06,   95.72,  523.95, 1882.36,   80.99,  620.63,   231.1,   0,  GPS,   78.9, 109.30, 109.30, 118.100, 122.500,       ,       ,       ,      ,       ,       ,  -16.0,      0,  NONE,   NONE,      ,      ,   0.0,     3D, 3704,      ,       , 117.0,       
2023-08-25, 23:13:25,  +00:00,       ,    2.8467975,  -60.6953697,   247.8, 29.80,   279.2,  31.8,   0.00,   0.00,   -0.00,  -0.34,  -0.48,  -0.00,   0.00, 260.0, 286.0,  28.5,  -3.1, 111.05, 101.47,    35.63,  157.28,   95.77,  524.34, 1882.13,   81.00,  620.32,   230.0,   0,  GPS,   78.9, 109.30, 109.30, 118.100, 122.500,       ,       ,       ,      ,       ,       ,  -16.0,      0,  NONE,   NONE,      ,      ,   0.0,     3D, 3704,      ,       , 117.0,       
2023-08-25, 23:13:25,  +00:00,       ,    2.8467972,  -60.6953697,   247.8, 29.80,   279.0,  31.8,   0.00,   0.00,   -0.00,  -0.30,  -0.52,   0.01,  -0.00, 260.0, 286.0,  28.5,  -3.0, 111.05, 101.47,    35.63,  157.49,   95.81,  524.81, 1882.19,   81.00,  620.25,   229.8,   0,  GPS,   78.9, 109.30, 109.30, 118.100, 122.500,       ,       ,       ,      ,       ,       ,  -16.0,      0,  NONE,   NONE,      ,      ,   0.0,     3D, 3704,      ,       , 117.0,       
2023-08-25, 23:13:27,  +00:00,       ,    2.8467970,  -60.6953697,   247.8, 29.80,   278.9,  31.8,   0.00,   0.00,   -0.00,  -0.30,  -0.46,   0.00,  -0.01, 260.0, 286.0,  28.5,  -3.3, 111.05, 101.47,    35.61,  157.70,   95.83,  525.23, 1881.89,   81.01,  620.28,   229.7,   0,  GPS,   78.9, 109.30, 109.30, 118.100, 122.500,       ,       ,       ,      ,       ,       ,  -16.0,      0,  NONE,   NONE,      ,      ,   0.0,     3D, 3704,      ,       , 117.0,       
2023-08-25, 23:13:27,  +00:00,       ,    2.8467965,  -60.6953697,   247.8, 29.80,   278.8,  31.8,   0.00,   0.00,   -0.00,  -0.30,  -0.46,   0.00,  -0.02, 260.0, 286.0,  28.5,  -3.1, 111.05, 101.47,    35.61,  157.92,   95.74,  524.81, 1881.28,   81.01,  620.37,   229.6,   0,  GPS,   78.9, 109.30, 109.30, 118.100, 122.500,       ,       ,       ,      ,       ,       ,  -16.0,      0,  NONE,   NONE,      ,      ,   0.0,     3D, 3704,      ,       , 117.0,       
2023-08-25, 23:13:29,  +00:00,       ,    2.8467958,  -60.6953697,   247.8, 29.80,   279.6,  31.8,   0.00,   0.00,   -0.00,  -0.29,  -0.46,   0.03,  -0.02, 259.9, 286.0,  28.5,  -3.4, 111.15, 101.47,    35.59,  158.13,   95.85,  524.34, 1880.75,   81.00,  620.12,   230.4,   0,  GPS,   78.9, 109.30, 109.30, 118.100, 122.500,       ,       ,       ,      ,       ,       ,  -16.0,      0,  NONE,   NONE,      ,      ,   0.0,     3D, 3704,      ,       , 117.0,       
2023-08-25, 23:13:29,  +00:00,       ,    2.8467972,  -60.6953697,   247.8, 29.80,   279.2,  31.8,   0.00,   0.00,   -0.00,  -0.29,  -0.48,   0.01,  -0.01, 260.0, 286.0,  28.5,  -3.2, 111.15, 101.40,    35.58,  158.35,   95.77,  524.24, 1880.54,   81.01,  620.06,   230.0,   0,  GPS,   78.9, 109.30, 109.30, 118.100, 122.500,       ,       ,       ,      ,       ,       ,  -16.0,      0,  NONE,   NONE,      ,      ,   0.0,     3D, 3704,      ,       , 117.0,       
2023-08-25, 23:13:31,  +00:00,       ,    2.8467972,  -60.6953697,   247.8, 29.80,   280.2,  31.8,   0.00,   0.00,   -0.00,  -0.29,  -0.45,   0.01,  -0.01, 260.0, 286.0,  28.5,  -3.1, 111.15, 101.32,    35.54,  158.56,   95.83,  524.07, 1880.08,   81.00,  620.02,   231.0,   0,  GPS,   78.9, 109.30, 109.30, 118.100, 122.500,       ,       ,       ,      ,       ,       ,  -16.0,      0,  NONE,   NONE,      ,      ,   0.0,     3D, 3704,      ,       , 117.0,       
2023-08-25, 23:13:31,  +00:00,       ,    2.8467972,  -60.6953697,   247.8, 29.80,   280.3,  31.8,   0.00,   0.00,   -0.00,  -0.30,  -0.47,   0.01,  -0.02, 260.0, 286.0,  28.5,  -3.2, 111.05, 101.32,    35.53,  158.78,   95.81,  524.16, 1879.91,   80.99,  620.14,   231.1,   0,  GPS,   78.9, 109.30, 109.30, 118.100, 122.500,       ,       ,       ,      ,       ,       ,  -16.0,      0,  NONE,   NONE,      ,      ,   0.0,     3D, 3704,      ,       , 117.0,       
2023-08-25, 23:13:33,  +00:00,       ,    2.8467972,  -60.6953697,   247.8, 29.80,   280.5,  31.8,   0.00,   0.00,   -0.00,  -0.30,  -0.42,   0.01,   0.01, 260.0, 286.0,  28.5,  -3.1, 111.05, 101.32,    35.54,  158.99,   95.81,  524.20, 1879.95,   81.00,  619.93,   231.2,   0,  GPS,   78.9, 109.30, 109.30, 118.100, 122.500,       ,       ,       ,      ,       ,       ,  -16.0,      0,  NONE,   NONE,      ,      ,   0.0,     3D, 3704,      ,       , 117.0,       
2023-08-25, 23:13:33,  +00:00,       ,    2.8467972,  -60.6953621,   247.8, 29.80,   280.6,  31.8,   0.00,   0.00,   -0.00,  -0.32,  -0.49,   0.01,   0.00, 259.9, 286.0,  28.5,  -3.1, 111.05, 101.32,    35.51,  159.19,   95.80,  523.34, 1879.46,   80.99,  620.03,   231.4,   0,  GPS,   78.9, 109.30, 109.30, 118.100, 122.500,       ,       ,       ,      ,       ,       ,  -16.0,      0,  NONE,   NONE,      ,      ,   0.0,     3D, 3704,      ,       , 117.0,       
2023-08-25, 23:13:34,  +00:00,       ,    2.8467979,  -60.6953697,   247.8, 29.80,   279.9,  31.8,   0.00,   0.00,   -0.00,  -0.26,  -0.48,   0.01,   0.01, 260.0, 286.0,  28.5,  -3.1, 111.05, 101.32,    35.50,  159.40,   95.76,  522.95, 1879.59,   80.99,  620.16,   230.7,   0,  GPS,   78.9, 109.30, 109.30, 118.100, 122.500,       ,       ,       ,      ,       ,       ,  -16.0,      0,  NONE,   NONE,      ,      ,   0.0,     3D, 3704,      ,       , 117.0,       
2023-08-25, 23:13:36,  +00:00,       ,    2.8467970,  -60.6953697,   247.8, 29.80,   280.6,  31.8,   0.00,   0.00,   -0.00,  -0.27,  -0.46,   0.00,  -0.01, 260.0, 286.0,  28.5,  -3.1, 111.05, 101.32,    35.47,  159.61,   95.74,  522.63, 1879.57,   81.00,  620.18,   231.4,   0,  GPS,   78.9, 109.30, 109.30, 118.100, 122.500,       ,       ,       ,      ,       ,       ,  -16.0,      0,  NONE,   NONE,      ,      ,   0.0,     3D, 3704,      ,       , 117.0,       
2023-08-25, 23:13:36,  +00:00,       ,    2.8467970,  -60.6953697,   247.8, 29.80,   279.7,  31.8,   0.00,   0.00,   -0.00,  -0.27,  -0.45,   0.01,   0.00, 260.0, 286.0,  28.5,  -3.1, 111.05, 101.32,    35.47,  159.80,   95.77,  522.10, 1879.72,   80.99,  620.12,   230.5,   0,  GPS,   78.9, 109.30, 109.30, 118.100, 122.500,       ,       ,       ,      ,       ,       ,  -16.0,      0,  NONE,   NONE,      ,      ,   3.9,     3D, 3704,      ,       , 117.0,       
2023-08-25, 23:13:38,  +00:00,       ,    2.8467970,  -60.6953697,   247.8, 29.80,   279.6,  31.8,   0.00,   0.00,   -0.00,  -0.26,  -0.45,  -0.00,  -0.00, 260.0, 286.0,  28.5,  -3.0, 111.05, 101.32,    35.46,  160.00,   95.59,  522.25, 1878.87,   80.99,  620.25,   230.4,   0,  GPS,   78.9, 109.30, 109.30, 118.100, 122.500,       ,       ,       ,      ,       ,       ,  -16.0,      0,  NONE,   NONE,      ,      ,   0.0,     3D, 3704,      ,       , 117.0,       
2023-08-25, 23:13:38,  +00:00,       ,    2.8467965,  -60.6953697,   247.8, 29.80,   279.5,  31.8,   0.00,   0.00,   -0.00,  -0.29,  -0.49,   0.00,  -0.01, 260.0, 286.0,  28.5,  -3.1, 111.05, 101.32,    35.46,  160.19,   95.69,  522.75, 1878.49,   81.00,  620.03,   230.3,   0,  GPS,   78.9, 109.30, 109.30, 118.100, 122.500,       ,       ,       ,      ,       ,       ,  -16.0,      0,  NONE,   NONE,      ,      ,   0.0,     3D, 3704,      ,       , 117.0,       
2023-08-25, 23:13:40,  +00:00,       ,    2.8467965,  -60.6953697,   247.8, 29.80,   279.6,  31.8,   0.00,   0.00,   -0.00,  -0.34,  -0.43,  -0.01,   0.01, 260.0, 286.0,  28.5,  -3.1, 111.05, 101.32,    35.45,  160.39,   95.71,  523.99, 1878.86,   81.00,  619.99,   230.4,   0,  GPS,   78.9, 109.30, 109.30, 118.100, 122.500,       ,       ,       ,      ,       ,       ,  -16.0,      0,  NONE,   NONE,      ,      ,   0.0,     3D, 3704,      ,       , 116.5,       
2023-08-25, 23:13:40,  +00:00,       ,    2.8467958,  -60.6953697,   247.8, 29.80,   280.3,  31.8,   0.00,   0.00,   -0.00,  -0.27,  -0.48,  -0.01,   0.00, 260.0, 286.0,  28.5,  -3.1, 111.05, 101.32,    35.45,  160.58,   95.74,  524.49, 1879.06,   81.00,  619.81,   231.1,   0,  GPS,   78.9, 109.30, 109.30, 118.100, 122.500,       ,       ,       ,      ,       ,       ,  -16.0,      0,  NONE,   NONE,      ,      ,   0.0,     3D, 3704,      ,       , 116.5,       
2023-08-25, 23:13:42,  +00:00,       ,    2.8467963,  -60.6953697,   247.8, 29.80,   279.3,  31.8,   0.00,   0.00,   -0.00,  -0.26,  -0.46,  -0.00,   0.01, 260.0, 286.0,  28.5,  -3.1, 111.15, 101.24,    35.46,  160.77,   95.77,  524.22, 1878.50,   81.01,  619.53,   230.1,   0,  GPS,   78.9, 109.30, 109.30, 118.100, 122.500,       ,       ,       ,      ,       ,       ,  -16.0,      0,  NONE,   NONE,      ,      ,   0.0,     3D, 3704,      ,       , 116.5,       
2023-08-25, 23:13:42,  +00:00,       ,    2.8467965,  -60.6953697,   247.8, 29.80,   280.4,  31.8,   0.00,   0.00,   -0.00,  -0.30,  -0.44,   0.02,  -0.01, 260.0, 286.0,  28.5,  -3.1, 111.15, 101.24,    35.44,  160.97,   95.68,  523.47, 1877.50,   81.01,  619.61,   231.2,   0,  GPS,   78.9, 109.30, 109.30, 118.100, 122.500,       ,       ,       ,      ,       ,       ,  -16.0,      0,  NONE,   NONE,      ,      ,   0.0,     3D, 3704,      ,       , 116.5,       
2023-08-25, 23:13:44,  +00:00,       ,    2.8467963,  -60.6953697,   247.8, 29.80,   280.5,  31.8,   0.00,   0.00,   -0.00,  -0.31,  -0.41,   0.01,  -0.01, 260.0, 286.0,  28.5,  -3.1, 111.25, 101.16,    35.42,  161.17,   95.70,  522.65, 1876.54,   81.00,  619.79,   231.3,   0,  GPS,   78.9, 109.30, 109.30, 118.100, 122.500,       ,       ,       ,      ,       ,       ,  -16.0,      0,  NONE,   NONE,      ,      ,   0.0,     3D, 3704,      ,       , 116.5,       
2023-08-25, 23:13:44,  +00:00,       ,    2.8467963,  -60.6953697,   247.8, 29.80,   280.6,  31.8,   0.00,   0.00,   -0.00,  -0.32,  -0.45,   0.02,   0.03, 260.0, 286.0,  28.5,  -3.1, 111.25, 101.16,    35.41,  161.37,   95.71,  521.94, 1876.08,   80.99,  619.86,   231.3,   0,  GPS,   78.9, 109.30, 109.30, 118.100, 122.500,       ,       ,       ,      ,       ,       ,  -16.0,      0,  NONE,   NONE,      ,      ,   0.0,     3D, 3704,      ,       , 116.5,       
2023-08-25, 23:13:45,  +00:00,       ,    2.8467963,  -60.6953697,   247.8, 29.80,   280.6,  32.0,   0.00,   0.00,   -0.00,  -0.27,  -0.46,   0.02,   0.04, 260.0, 286.0,  28.5,  -3.0, 111.25, 101.16,    35.38,  161.56,   95.67,  521.68, 1876.34,   80.99,  619.85,   231.4,   0,  GPS,   78.9, 109.30, 109.30, 118.100, 122.500,       ,       ,       ,      ,       ,       ,  -16.0,      0,  NONE,   NONE,      ,      ,   0.0,     3D, 3704,      ,       , 116.5,       
2023-08-25, 23:13:47,  +00:00,       ,    2.8467970,  -60.6953697,   247.8, 29.80,   279.9,  32.0,   0.00,   0.00,   -0.00,  -0.43,  -0.47,   0.03,   0.03, 260.0, 286.0,  28.5,  -3.2, 111.25, 101.16,    35.36,  161.75,   95.65,  521.26, 1876.73,   80.99,  619.77,   230.7,   0,  GPS,   78.9, 109.30, 109.30, 118.100, 122.500,       ,       ,       ,      ,       ,       ,  -16.0,      0,  NONE,   NONE,      ,      ,   0.0,     3D, 3704,      ,       , 116.5,       
2023-08-25, 23:13:47,  +00:00,       ,    2.8467965,  -60.6953697,   247.8, 29.80,   280.8,  32.0,   0.00,   0.00,   -0.00,  -0.25,  -0.47,   0.01,   0.01, 260.0, 286.0,  28.5,  -3.1, 111.25, 101.09,    35.37,  161.93,   95.62,  521.11, 1876.52,   81.00,  619.86,   231.6,   0,  GPS,   78.9, 109.30, 109.30, 118.100, 122.500,       ,       ,       ,      ,       ,       ,  -16.0,      0,  NONE,   NONE,      ,      ,   0.0,     3D, 3704,      ,       , 116.5,       
2023-08-25, 23:13:49,  +00:00,       ,    2.8467965,  -60.6953697,   247.8, 29.80,   279.8,  32.0,   0.00,   0.00,   -0.00,  -0.26,  -0.49,   0.01,  -0.02, 260.0, 286.0,  28.5,  -3.4, 111.25, 101.16,    35.37,  162.12,   95.71,  520.60, 1876.74,   81.00,  620.07,   230.6,   0,  GPS,   78.9, 109.30, 109.30, 118.100, 122.500,       ,       ,       ,      ,       ,       ,  -16.0,      0,  NONE,   NONE,      ,      ,   0.0,     3D, 3704,      ,       , 116.5,       
2023-08-25, 23:13:49,  +00:00,       ,    2.8467965,  -60.6953697,   247.8, 29.80,   279.6,  32.0,   0.00,   0.00,   -0.00,  -0.33,  -0.44,   0.01,   0.03, 260.0, 286.0,  28.5,  -3.1, 111.25, 101.16,    35.34,  162.31,   95.70,  520.26, 1877.13,   81.00,  620.03,   230.4,   0,  GPS,   78.9, 109.30, 109.30, 118.100, 122.500,       ,       ,       ,      ,       ,       ,  -16.0,      0,  NONE,   NONE,      ,      ,  -3.9,     3D, 3704,      ,       , 116.5,       
2023-08-25, 23:13:51,  +00:00,       ,    2.8467965,  -60.6953697,   247.8, 29.80,   279.5,  32.0,   0.00,   0.00,   -0.00,  -0.42,  -0.46,   0.00,  -0.04, 260.0, 286.0,  28.5,  -3.3, 111.25, 101.24,    35.34,  162.49,   95.53,  520.05, 1877.28,   81.00,  620.07,   230.2,   0,  GPS,   78.9, 109.30, 109.30, 118.100, 122.500,       ,       ,       ,      ,       ,       ,  -16.0,      0,  NONE,   NONE,      ,      ,  -3.9,     3D, 3704,      ,       , 116.5,       
2023-08-25, 23:13:51,  +00:00,       ,    2.8467965,  -60.6953697,   247.8, 29.80,   279.4,  32.0,   0.00,   0.00,   -0.00,  -0.41,  -0.49,  -0.00,   0.01, 260.0, 286.0,  28.5,  -3.2, 111.25, 101.24,    35.32,  162.68,   95.58,  519.35, 1876.90,   81.00,  620.27,   230.2,   0,  GPS,   78.9, 109.30, 109.30, 118.100, 122.500,       ,       ,       ,      ,       ,       ,  -16.0,      0,  NONE,   NONE,      ,      ,   0.0,     3D, 3704,      ,       , 116.5,       
2023-08-25, 23:13:53,  +00:00,       ,    2.8467963,  -60.6953697,   247.8, 29.80,   280.1,  32.0,   0.00,   0.00,   -0.00,  -0.40,  -0.44,   0.01,   0.03, 260.0, 286.0,  28.5,  -3.2, 111.15, 101.24,    35.30,  162.85,   95.70,  518.89, 1876.68,   80.99,  620.46,   230.8,   0,  GPS,   78.9, 109.30, 109.30, 118.100, 122.500,       ,       ,       ,      ,       ,       ,  -16.0,      0,  NONE,   NONE,      ,      ,   0.0,     3D, 3704,      ,       , 116.5,       
2023-08-25, 23:13:53,  +00:00,       ,    2.8467965,  -60.6953697,   247.8, 29.80,   279.2,  32.0,   0.00,   0.00,   -0.00,  -0.38,  -0.44,   0.00,   0.00, 260.0, 286.0,  28.5,  -3.2, 111.15, 101.24,    35.29,  163.02,   95.66,  519.05, 1876.76,   81.00,  620.28,   230.0,   0,  GPS,   78.9, 109.30, 109.30, 118.100, 122.500,       ,       ,       ,      ,       ,       ,  -16.0,      0,  NONE,   NONE,      ,      ,   0.0,     3D, 3704,      ,       , 116.5,       
2023-08-25, 23:13:54,  +00:00,       ,    2.8467965,  -60.6953697,   247.8, 29.80,   280.2,  32.0,   0.00,   0.00,   -0.00,  -0.43,  -0.44,   0.02,  -0.01, 260.0, 286.0,  28.5,  -3.1, 111.05, 101.24,    35.29,  163.19,   95.54,  519.25, 1877.33,   81.00,  620.10,   231.0,   0,  GPS,   78.9, 109.30, 109.30, 118.100, 122.500,       ,       ,       ,      ,       ,       ,  -16.0,      0,  NONE,   NONE,      ,      ,   0.0,     3D, 3704,      ,       , 116.5,       
2023-08-25, 23:13:56,  +00:00,       ,    2.8467970,  -60.6953697,   247.8, 29.80,   280.4,  32.0,   0.00,   0.00,   -0.00,  -0.44,  -0.51,   0.02,   0.02, 259.9, 286.0,  28.5,  -3.2, 110.84, 101.24,    35.31,  163.35,   95.66,  519.70, 1878.63,   81.02,  619.88,   231.2,   0,  GPS,   78.9, 109.30, 109.30, 118.100, 122.500,       ,       ,       ,      ,       ,       ,  -16.0,      0,  NONE,   NONE,      ,      ,   0.0,     3D, 3704,      ,       , 116.5,       
2023-08-25, 23:13:56,  +00:00